<?xml version="1.0" encoding="UTF-8"?>
<ConfigMain>
	<env>LD9PT</env><!--it should be LD9PT-->
	<newProject>NO</newProject><!--it should be YES or NO only-->
	<ingestion>NO</ingestion><!--it should be YES or NO only-->
	<suite>Smoke</suite><!--it should be Smoke or Regression only-->
	<numberOfDataSets>1</numberOfDataSets>
	<browserName>CHROME</browserName>
	<screenShotOnPass>NO</screenShotOnPass>
	<screenShotOnFail>YES</screenShotOnFail>
	
	<wait30>30000</wait30><!--Normal elements, like pop ups  -->	
	<wait60>60000</wait60><!--elements like notifications  -->	
	<wait90>120000</wait90><!--elements like pure hit count  -->	
	<wait120>120000</wait120><!--batch print elements  -->	
    <interval>1000</interval><!--poll interval time  -->
    <batchFilesPath>\Misc\</batchFilesPath>
</ConfigMain>