<?xml version="1.0" encoding="UTF-8"?>
<LD9PT>
        <url>https://sightlinept.consilio.com/</url>
        <prodpath>Productions PT WorkSpace\Automation</prodpath>
        <SourceLocation>IngestionTestData\Automation\Master Automation Data</SourceLocation>
        <domainName>TestVagrant</domainName>
        <projectName>TestVagrant_Smoke</projectName>
         
        <!-- Consilio PAU Automation -->
        <pa1FullName>Pani Kumar</pa1FullName>
        <pa1userName>pani@testvagrant.com</pa1userName>
        <pa1password>*******</pa1password> 
        
        <pa2FullName></pa2FullName>
        <pa2userName></pa2userName>
        <pa2password></pa2password>
        
        <!--Consilio RMU Automation  -->
        <rmu1FullName></rmu1FullName>
        <rmu1userName></rmu1userName>
        <rmu1password></rmu1password>
        
        <rmu2FullName></rmu2FullName>
        <rmu2userName></rmu2userName>
        <rmu2password></rmu2password>
        
        <!-- Consilio REVU Automation -->
        <rev1FullName></rev1FullName>
        <rev1userName></rev1userName>
        <rev1password></rev1password>
        
        <rev2FullName></rev2FullName>
        <rev2userName></rev2userName>
        <rev2password></rev2password>


        <shareTo>PTPA2 PA2</shareTo>
       
       
</LD9PT>